                  epoch,         train/box_loss,         train/cls_loss,         train/dfl_loss,   metrics/precision(B),      metrics/recall(B),       metrics/mAP50(B),    metrics/mAP50-95(B),           val/box_loss,           val/cls_loss,           val/dfl_loss,                 lr/pg0,                 lr/pg1,                 lr/pg2
1,5.8351,6.473,4.1555,0,0,0,0,6.3615,5.8912,4.1849,0.000325,0.000325,0.000325
2,4.751,5.1232,3.5497,0,0,0,0,6.4934,6.1453,4.5403,0.00065752,0.00065752,0.00065752
3,3.7941,4.1851,2.8864,0,0,0,0,6.5753,6.5336,4.9045,0.00098921,0.00098921,0.00098921
4,3.4695,3.8425,2.4843,0.00473,0.36161,0.01527,0.00419,3.4351,3.6291,2.4621,0.00099629,0.00099629,0.00099629
5,3.2085,3.6194,2.2832,0.42034,0.05747,0.03776,0.00919,3.0906,3.3498,2.3425,0.00099505,0.00099505,0.00099505
6,2.9364,3.2691,2.1207,0.44713,0.10388,0.07212,0.02196,2.76,3.2384,2.1339,0.00099381,0.00099381,0.00099381
7,2.6957,2.9701,1.9166,0.31352,0.13818,0.13779,0.05416,2.3417,2.903,1.9042,0.00099258,0.00099258,0.00099258
8,2.526,2.8171,1.8618,0.83533,0.14335,0.1725,0.05943,2.2974,2.7219,1.8761,0.00099134,0.00099134,0.00099134
9,2.3871,2.6659,1.7692,0.55059,0.18286,0.20501,0.09284,2.1434,2.5518,1.7457,0.0009901,0.0009901,0.0009901
10,2.214,2.5442,1.6861,0.71548,0.20257,0.24341,0.11979,1.9751,2.4765,1.6733,0.00098886,0.00098886,0.00098886
11,2.1287,2.4569,1.6457,0.33729,0.27482,0.2767,0.13636,1.9333,2.2644,1.6133,0.00098763,0.00098763,0.00098763
12,2.0872,2.3682,1.6113,0.5745,0.27728,0.28468,0.14534,1.8295,2.2328,1.5418,0.00098639,0.00098639,0.00098639
13,2.0393,2.3273,1.5642,0.63501,0.25132,0.28751,0.15176,1.7856,2.148,1.5155,0.00098515,0.00098515,0.00098515
14,1.9744,2.2561,1.5053,0.45793,0.27906,0.29854,0.14777,1.7842,2.1438,1.5119,0.00098391,0.00098391,0.00098391
15,1.9094,2.2174,1.51,0.51612,0.32518,0.32424,0.15982,1.7682,2.0597,1.4945,0.00098268,0.00098268,0.00098268
16,1.9088,2.1885,1.4921,0.47921,0.32265,0.32432,0.16385,1.7777,2.0444,1.4991,0.00098144,0.00098144,0.00098144
17,1.8808,2.1431,1.4757,0.48532,0.34527,0.32816,0.16103,1.6877,2.0227,1.4504,0.0009802,0.0009802,0.0009802
18,1.8196,2.1058,1.4298,0.65408,0.29091,0.33213,0.16866,1.7256,1.9826,1.4686,0.00097896,0.00097896,0.00097896
19,1.8254,2.0739,1.4315,0.54059,0.33873,0.34451,0.18261,1.6291,2.0141,1.411,0.00097773,0.00097773,0.00097773
20,1.7953,2.0486,1.4286,0.52716,0.39735,0.35704,0.19008,1.5932,1.9853,1.3848,0.00097649,0.00097649,0.00097649
21,1.7297,1.9703,1.3783,0.53764,0.36712,0.35984,0.1827,1.6796,1.888,1.4122,0.00097525,0.00097525,0.00097525
22,1.7545,1.9715,1.3909,0.64311,0.32693,0.37046,0.20528,1.5826,1.829,1.3631,0.00097401,0.00097401,0.00097401
23,1.7322,1.9598,1.3825,0.52336,0.35948,0.36779,0.20247,1.5768,1.8688,1.3837,0.00097278,0.00097278,0.00097278
24,1.7344,1.9747,1.3767,0.56814,0.38253,0.36805,0.1954,1.6023,1.9169,1.3801,0.00097154,0.00097154,0.00097154
25,1.7235,1.9812,1.3587,0.49731,0.37966,0.37367,0.20814,1.5697,1.82,1.3651,0.0009703,0.0009703,0.0009703
26,1.6698,1.8999,1.353,0.52523,0.39175,0.38701,0.21596,1.5296,1.7822,1.3448,0.00096906,0.00096906,0.00096906
27,1.6605,1.8671,1.3291,0.64604,0.38365,0.4037,0.23063,1.4988,1.7441,1.3257,0.00096783,0.00096783,0.00096783
28,1.6297,1.8717,1.3287,0.53102,0.40813,0.39426,0.21723,1.5317,1.7466,1.3421,0.00096659,0.00096659,0.00096659
29,1.6483,1.8965,1.3079,0.54739,0.40063,0.40234,0.22456,1.5021,1.7386,1.3188,0.00096535,0.00096535,0.00096535
30,1.6666,1.8908,1.3466,0.52138,0.40813,0.39694,0.22362,1.4678,1.7722,1.3074,0.00096411,0.00096411,0.00096411
31,1.6362,1.8499,1.3112,0.6259,0.37556,0.38805,0.21143,1.545,1.8317,1.3586,0.00096288,0.00096288,0.00096288
32,1.609,1.7951,1.3189,0.57338,0.43457,0.41207,0.23433,1.4537,1.8054,1.2882,0.00096164,0.00096164,0.00096164
33,1.6023,1.8218,1.2981,0.59799,0.40577,0.41183,0.23954,1.4339,1.7286,1.2816,0.0009604,0.0009604,0.0009604
34,1.5814,1.7882,1.2842,0.57633,0.41481,0.4142,0.23114,1.4784,1.6734,1.3011,0.00095916,0.00095916,0.00095916
35,1.5946,1.7948,1.2776,0.62983,0.39386,0.41364,0.22443,1.5235,1.7054,1.3221,0.00095793,0.00095793,0.00095793
36,1.5655,1.7592,1.2952,0.64675,0.40887,0.42718,0.24447,1.4322,1.6719,1.2756,0.00095669,0.00095669,0.00095669
37,1.5491,1.7272,1.2727,0.58323,0.46351,0.43451,0.2538,1.429,1.6113,1.2729,0.00095545,0.00095545,0.00095545
38,1.5345,1.7659,1.2691,0.61123,0.44323,0.4426,0.26071,1.3756,1.6018,1.2496,0.00095421,0.00095421,0.00095421
39,1.5272,1.736,1.2744,0.63638,0.41011,0.43864,0.25578,1.4479,1.6193,1.2877,0.00095298,0.00095298,0.00095298
40,1.5683,1.7187,1.2783,0.59687,0.46583,0.43253,0.25435,1.3806,1.7294,1.2507,0.00095174,0.00095174,0.00095174
41,1.5277,1.7479,1.2502,0.56298,0.44563,0.43371,0.25807,1.3648,1.6265,1.2421,0.0009505,0.0009505,0.0009505
42,1.5169,1.6954,1.2529,0.6084,0.4486,0.43856,0.26105,1.4045,1.6081,1.2556,0.00094926,0.00094926,0.00094926
43,1.5011,1.6925,1.234,0.62213,0.45307,0.45319,0.26815,1.3957,1.5721,1.2628,0.00094803,0.00094803,0.00094803
44,1.5092,1.6517,1.2493,0.59486,0.45409,0.44503,0.25865,1.4161,1.5754,1.2698,0.00094679,0.00094679,0.00094679
45,1.5031,1.6993,1.255,0.60016,0.47398,0.46033,0.2713,1.3582,1.5403,1.2377,0.00094555,0.00094555,0.00094555
46,1.5052,1.6669,1.2396,0.57515,0.47025,0.4467,0.26475,1.4016,1.5839,1.2657,0.00094431,0.00094431,0.00094431
47,1.4879,1.6636,1.2464,0.57979,0.49458,0.46329,0.27428,1.3389,1.5327,1.2252,0.00094308,0.00094308,0.00094308
48,1.5116,1.6577,1.2461,0.60022,0.49286,0.4575,0.25975,1.4036,1.7053,1.2625,0.00094184,0.00094184,0.00094184
49,1.491,1.6586,1.2534,0.66505,0.43856,0.46944,0.27374,1.3613,1.5622,1.2422,0.0009406,0.0009406,0.0009406
50,1.4884,1.6296,1.2541,0.63143,0.50573,0.48356,0.29018,1.3293,1.5271,1.2244,0.00093936,0.00093936,0.00093936
51,1.5036,1.6385,1.2309,0.6227,0.48898,0.4853,0.2768,1.3882,1.4953,1.2435,0.00093813,0.00093813,0.00093813
52,1.468,1.6153,1.2366,0.65288,0.4678,0.47011,0.26522,1.3917,1.5362,1.2436,0.00093689,0.00093689,0.00093689
53,1.4706,1.6028,1.2258,0.66022,0.51798,0.49652,0.28568,1.3676,1.5464,1.2364,0.00093565,0.00093565,0.00093565
54,1.4576,1.6138,1.2279,0.63985,0.51936,0.5038,0.30295,1.3051,1.4642,1.2019,0.00093441,0.00093441,0.00093441
55,1.4564,1.5948,1.2252,0.63294,0.52377,0.49877,0.29882,1.3046,1.5462,1.2083,0.00093317,0.00093317,0.00093317
56,1.4341,1.5672,1.1995,0.66915,0.47931,0.49677,0.303,1.3016,1.4437,1.2027,0.00093194,0.00093194,0.00093194
57,1.4214,1.5868,1.2019,0.65177,0.48714,0.49601,0.29275,1.3006,1.4995,1.1993,0.0009307,0.0009307,0.0009307
58,1.4412,1.574,1.2028,0.64382,0.49811,0.49733,0.29548,1.3361,1.4532,1.2174,0.00092946,0.00092946,0.00092946
59,1.4212,1.5567,1.2027,0.60902,0.51176,0.4899,0.29824,1.3427,1.4386,1.2224,0.00092822,0.00092822,0.00092822
60,1.4385,1.5585,1.2054,0.61876,0.51296,0.5081,0.30571,1.2935,1.4578,1.1972,0.00092699,0.00092699,0.00092699
61,1.4171,1.555,1.1897,0.7005,0.47189,0.51315,0.30308,1.3148,1.4707,1.2074,0.00092575,0.00092575,0.00092575
62,1.4161,1.5694,1.209,0.65419,0.49566,0.50427,0.30797,1.2663,1.4377,1.1797,0.00092451,0.00092451,0.00092451
63,1.4093,1.5539,1.2037,0.66358,0.51735,0.50804,0.31316,1.2948,1.3973,1.1995,0.00092327,0.00092327,0.00092327
64,1.433,1.5677,1.1992,0.63647,0.51826,0.50921,0.31075,1.2974,1.4289,1.1984,0.00092204,0.00092204,0.00092204
65,1.3922,1.5385,1.1859,0.68157,0.51239,0.52439,0.31056,1.289,1.4536,1.1861,0.0009208,0.0009208,0.0009208
66,1.3912,1.5314,1.1946,0.65532,0.50795,0.51398,0.31421,1.277,1.4129,1.1891,0.00091956,0.00091956,0.00091956
67,1.4364,1.5089,1.2211,0.69606,0.51616,0.53319,0.31254,1.3529,1.4363,1.2265,0.00091833,0.00091833,0.00091833
68,1.3909,1.527,1.1697,0.68111,0.51874,0.52845,0.32243,1.2891,1.3798,1.1852,0.00091709,0.00091709,0.00091709
69,1.3639,1.5021,1.1696,0.68049,0.5043,0.5246,0.31512,1.2914,1.3984,1.1894,0.00091585,0.00091585,0.00091585
70,1.3708,1.498,1.1556,0.68462,0.51229,0.52521,0.32039,1.3363,1.412,1.2119,0.00091461,0.00091461,0.00091461
71,1.4124,1.5192,1.1854,0.67281,0.50644,0.51648,0.3079,1.32,1.3889,1.2057,0.00091337,0.00091337,0.00091337
72,1.3695,1.4959,1.1828,0.70252,0.53061,0.54525,0.33838,1.2234,1.3548,1.1637,0.00091214,0.00091214,0.00091214
73,1.3702,1.4968,1.1774,0.67914,0.5313,0.54219,0.33429,1.2495,1.3606,1.1686,0.0009109,0.0009109,0.0009109
74,1.3621,1.4886,1.1683,0.66401,0.52655,0.54524,0.33505,1.2564,1.374,1.1786,0.00090966,0.00090966,0.00090966
75,1.3723,1.4782,1.1789,0.69506,0.52578,0.53357,0.32717,1.2513,1.3559,1.1765,0.00090842,0.00090842,0.00090842
76,1.3898,1.4924,1.1822,0.72237,0.48811,0.54409,0.32404,1.3075,1.4062,1.2007,0.00090719,0.00090719,0.00090719
77,1.3799,1.4549,1.1612,0.71051,0.54233,0.55956,0.33497,1.2581,1.3372,1.1743,0.00090595,0.00090595,0.00090595
78,1.3753,1.4636,1.1719,0.66233,0.55183,0.55307,0.33732,1.2617,1.3367,1.1749,0.00090471,0.00090471,0.00090471
79,1.3419,1.465,1.1663,0.69384,0.55706,0.5687,0.34858,1.2508,1.3085,1.1728,0.00090347,0.00090347,0.00090347
80,1.3659,1.412,1.1719,0.70581,0.57327,0.57837,0.35903,1.1998,1.2751,1.142,0.00090224,0.00090224,0.00090224
81,1.3488,1.4247,1.1521,0.70997,0.53169,0.56965,0.35106,1.2074,1.31,1.1498,0.000901,0.000901,0.000901
82,1.3382,1.4123,1.1497,0.69178,0.54023,0.57191,0.34865,1.2293,1.3296,1.1539,0.00089976,0.00089976,0.00089976
83,1.3634,1.4657,1.1742,0.73728,0.54668,0.58536,0.36649,1.2135,1.2971,1.1555,0.00089853,0.00089853,0.00089853
84,1.3282,1.4025,1.1595,0.73906,0.5625,0.58796,0.36699,1.2066,1.2584,1.1483,0.00089729,0.00089729,0.00089729
85,1.3104,1.3844,1.1477,0.73516,0.53151,0.57338,0.35432,1.232,1.2937,1.1561,0.00089605,0.00089605,0.00089605
86,1.354,1.4089,1.1769,0.74516,0.54765,0.59659,0.36169,1.2399,1.2455,1.1606,0.00089481,0.00089481,0.00089481
87,1.3235,1.37,1.1456,0.77539,0.53216,0.59388,0.37158,1.1997,1.2515,1.1449,0.00089358,0.00089358,0.00089358
88,1.3276,1.405,1.1622,0.73363,0.55617,0.58161,0.36,1.2179,1.3233,1.1528,0.00089234,0.00089234,0.00089234
89,1.3112,1.3994,1.1398,0.75089,0.56019,0.58942,0.3717,1.1922,1.227,1.1413,0.0008911,0.0008911,0.0008911
90,1.2981,1.3841,1.1403,0.71836,0.57857,0.60587,0.3857,1.1793,1.2187,1.1317,0.00088986,0.00088986,0.00088986
91,1.307,1.3917,1.154,0.73574,0.55514,0.58701,0.36406,1.215,1.2407,1.1419,0.00088862,0.00088862,0.00088862
92,1.3148,1.3737,1.1424,0.73358,0.57406,0.6065,0.37371,1.2056,1.2145,1.1439,0.00088739,0.00088739,0.00088739
93,1.3273,1.3686,1.1493,0.72445,0.56605,0.59411,0.37352,1.193,1.2407,1.1412,0.00088615,0.00088615,0.00088615
94,1.3084,1.3395,1.1431,0.70565,0.58978,0.60894,0.3832,1.1692,1.2216,1.1252,0.00088491,0.00088491,0.00088491
95,1.297,1.3527,1.1369,0.75446,0.55647,0.61291,0.38816,1.1845,1.2442,1.1291,0.00088368,0.00088368,0.00088368
96,1.304,1.3827,1.1364,0.73563,0.58255,0.60747,0.38518,1.1748,1.216,1.1279,0.00088244,0.00088244,0.00088244
97,1.2945,1.314,1.1409,0.7436,0.57819,0.60671,0.38722,1.1911,1.211,1.1374,0.0008812,0.0008812,0.0008812
98,1.2768,1.3195,1.1296,0.74616,0.59571,0.61868,0.3978,1.1556,1.1844,1.1193,0.00087996,0.00087996,0.00087996
99,1.2944,1.3202,1.13,0.74782,0.59164,0.61754,0.39474,1.1496,1.1643,1.1099,0.00087873,0.00087873,0.00087873
100,1.2897,1.3462,1.1321,0.76065,0.58067,0.62811,0.40191,1.1621,1.1542,1.1158,0.00087749,0.00087749,0.00087749
101,1.2798,1.315,1.1376,0.73564,0.59794,0.61546,0.39466,1.179,1.2379,1.1248,0.00087625,0.00087625,0.00087625
102,1.2938,1.3218,1.1307,0.77352,0.58668,0.63079,0.40058,1.1526,1.1423,1.1094,0.00087501,0.00087501,0.00087501
103,1.2985,1.3366,1.1545,0.75433,0.55862,0.61475,0.38954,1.1748,1.2085,1.122,0.00087378,0.00087378,0.00087378
104,1.3213,1.3188,1.1381,0.76038,0.58787,0.62088,0.39352,1.1776,1.1748,1.1224,0.00087254,0.00087254,0.00087254
105,1.2717,1.2898,1.1212,0.77197,0.57263,0.62375,0.40543,1.1271,1.1266,1.1014,0.0008713,0.0008713,0.0008713
106,1.2715,1.2729,1.1181,0.77393,0.586,0.62989,0.39351,1.2079,1.1588,1.1391,0.00087006,0.00087006,0.00087006
107,1.2807,1.2923,1.1233,0.77736,0.57976,0.62494,0.40906,1.1409,1.1342,1.1046,0.00086882,0.00086882,0.00086882
108,1.2691,1.2854,1.1196,0.77356,0.57304,0.63012,0.4048,1.1342,1.16,1.106,0.00086759,0.00086759,0.00086759
109,1.247,1.2905,1.1215,0.76256,0.59195,0.63598,0.41565,1.1277,1.2289,1.0996,0.00086635,0.00086635,0.00086635
110,1.2627,1.2727,1.1208,0.77371,0.58458,0.63782,0.40999,1.169,1.1407,1.1218,0.00086511,0.00086511,0.00086511
111,1.2536,1.2749,1.1185,0.77472,0.59536,0.64874,0.41064,1.1769,1.112,1.121,0.00086388,0.00086388,0.00086388
112,1.2432,1.2319,1.1092,0.77535,0.58532,0.6402,0.42017,1.1136,1.1521,1.0928,0.00086264,0.00086264,0.00086264
113,1.2355,1.2291,1.1128,0.75729,0.60972,0.6504,0.42464,1.1163,1.1107,1.0974,0.0008614,0.0008614,0.0008614
114,1.2387,1.2454,1.1024,0.77947,0.622,0.64994,0.42484,1.1159,1.0874,1.0925,0.00086016,0.00086016,0.00086016
115,1.2808,1.2624,1.1223,0.79859,0.62005,0.66151,0.42774,1.127,1.0829,1.0934,0.00085893,0.00085893,0.00085893
116,1.2567,1.2824,1.1204,0.79818,0.615,0.65682,0.42412,1.1058,1.1594,1.0872,0.00085769,0.00085769,0.00085769
117,1.2438,1.251,1.1055,0.80583,0.62669,0.67639,0.44632,1.0986,1.0609,1.0851,0.00085645,0.00085645,0.00085645
118,1.2378,1.2521,1.1051,0.78937,0.60393,0.65855,0.42531,1.1424,1.0828,1.106,0.00085521,0.00085521,0.00085521
119,1.2482,1.2358,1.1085,0.78255,0.62949,0.66764,0.43734,1.0977,1.034,1.0859,0.00085398,0.00085398,0.00085398
120,1.2346,1.2321,1.0945,0.80433,0.61659,0.67341,0.44075,1.0903,1.0412,1.0826,0.00085274,0.00085274,0.00085274
121,1.2494,1.213,1.113,0.81126,0.62058,0.67511,0.44097,1.1194,1.0463,1.0976,0.0008515,0.0008515,0.0008515
122,1.228,1.2057,1.104,0.82658,0.60486,0.66888,0.43264,1.1087,1.0763,1.0874,0.00085026,0.00085026,0.00085026
123,1.2244,1.1931,1.0984,0.81687,0.62748,0.68218,0.45433,1.0735,0.98694,1.0723,0.00084902,0.00084902,0.00084902
124,1.2136,1.2156,1.098,0.77276,0.60623,0.65155,0.43162,1.0779,1.0809,1.0719,0.00084779,0.00084779,0.00084779
125,1.2403,1.2088,1.103,0.81864,0.61673,0.67353,0.44405,1.0894,1.0345,1.0809,0.00084655,0.00084655,0.00084655
126,1.204,1.1742,1.0906,0.80802,0.63869,0.68267,0.44985,1.0995,1.0016,1.0837,0.00084531,0.00084531,0.00084531
127,1.211,1.2007,1.1114,0.8056,0.6131,0.67645,0.44743,1.0973,1.0285,1.081,0.00084408,0.00084408,0.00084408
128,1.2295,1.18,1.0937,0.82736,0.62646,0.68372,0.44465,1.1301,1.0209,1.0992,0.00084284,0.00084284,0.00084284
129,1.208,1.1777,1.092,0.79944,0.63508,0.67054,0.4346,1.1216,1.0593,1.0868,0.0008416,0.0008416,0.0008416
130,1.2486,1.1935,1.115,0.78604,0.62813,0.68925,0.45722,1.0887,1.0271,1.0794,0.00084036,0.00084036,0.00084036
131,1.2127,1.1647,1.0908,0.79705,0.62878,0.67963,0.44492,1.1273,1.0296,1.0955,0.00083913,0.00083913,0.00083913
132,1.2181,1.1892,1.1023,0.82429,0.63895,0.69413,0.45914,1.0913,0.97591,1.0751,0.00083789,0.00083789,0.00083789
133,1.2057,1.1599,1.0975,0.8038,0.64736,0.69426,0.45908,1.076,0.97442,1.0723,0.00083665,0.00083665,0.00083665
134,1.1862,1.139,1.0903,0.83795,0.64346,0.7042,0.46518,1.0986,0.96895,1.0827,0.00083541,0.00083541,0.00083541
135,1.1927,1.1477,1.0831,0.82845,0.6585,0.70138,0.46978,1.0597,0.98338,1.0648,0.00083418,0.00083418,0.00083418
136,1.2127,1.1475,1.0857,0.81498,0.61575,0.68302,0.4599,1.0616,1.0094,1.0612,0.00083294,0.00083294,0.00083294
137,1.1894,1.1565,1.0894,0.78366,0.65356,0.68732,0.45704,1.0606,0.98978,1.059,0.0008317,0.0008317,0.0008317
138,1.1904,1.143,1.0931,0.82269,0.63722,0.69997,0.47369,1.0482,1.0718,1.0586,0.00083046,0.00083046,0.00083046
139,1.1722,1.1145,1.0791,0.81859,0.64683,0.70366,0.47143,1.0582,0.99507,1.0593,0.00082923,0.00082923,0.00082923
140,1.194,1.1528,1.0799,0.81575,0.65361,0.70424,0.47722,1.0394,0.95839,1.0537,0.00082799,0.00082799,0.00082799
141,1.1857,1.1321,1.0907,0.84006,0.64659,0.72111,0.48728,1.0442,0.91248,1.0567,0.00082675,0.00082675,0.00082675
142,1.1903,1.1164,1.0923,0.84736,0.65323,0.71323,0.48561,1.0264,0.92227,1.0458,0.00082551,0.00082551,0.00082551
143,1.1784,1.0998,1.0815,0.80677,0.65578,0.70546,0.46735,1.0693,0.9502,1.0622,0.00082427,0.00082427,0.00082427
144,1.1792,1.0901,1.0779,0.8519,0.65013,0.72322,0.48651,1.0563,0.91322,1.0571,0.00082304,0.00082304,0.00082304
145,1.176,1.0833,1.0783,0.85211,0.65962,0.72793,0.49291,1.026,0.90308,1.045,0.0008218,0.0008218,0.0008218
146,1.1958,1.1024,1.0833,0.83537,0.65341,0.71793,0.48996,1.0194,0.90119,1.0425,0.00082056,0.00082056,0.00082056
147,1.1751,1.0913,1.0695,0.84187,0.64226,0.71193,0.47876,1.0521,0.91232,1.059,0.00081932,0.00081932,0.00081932
148,1.1753,1.0896,1.0712,0.84049,0.65865,0.72439,0.49238,1.0189,0.91649,1.042,0.00081809,0.00081809,0.00081809
149,1.1513,1.0678,1.0602,0.85853,0.65976,0.73762,0.50072,1.0172,0.88299,1.0417,0.00081685,0.00081685,0.00081685
150,1.1467,1.0659,1.074,0.83397,0.64474,0.71243,0.48906,1.0134,0.92153,1.0377,0.00081561,0.00081561,0.00081561
151,1.1601,1.0903,1.0683,0.82503,0.66676,0.71972,0.48525,1.0463,0.91114,1.0547,0.00081437,0.00081437,0.00081437
152,1.173,1.0779,1.0753,0.86037,0.65894,0.73414,0.50158,1.0252,0.86335,1.0441,0.00081314,0.00081314,0.00081314
153,1.1463,1.0499,1.0609,0.84312,0.64238,0.72544,0.49241,1.0145,0.91437,1.0407,0.0008119,0.0008119,0.0008119
154,1.1696,1.0871,1.0736,0.8447,0.67092,0.73816,0.50499,1.0209,0.87324,1.0423,0.00081066,0.00081066,0.00081066
155,1.1537,1.0597,1.0597,0.87094,0.6757,0.74048,0.50073,1.0498,0.85752,1.0518,0.00080943,0.00080943,0.00080943
156,1.156,1.035,1.0634,0.81666,0.69209,0.7463,0.50961,1.0202,0.86121,1.0403,0.00080819,0.00080819,0.00080819
157,1.1276,1.0421,1.0687,0.86559,0.68723,0.75133,0.51073,1.0062,0.85099,1.0352,0.00080695,0.00080695,0.00080695
158,1.1617,1.0581,1.0833,0.80575,0.68839,0.73105,0.49518,1.0286,0.87808,1.0468,0.00080571,0.00080571,0.00080571
159,1.1603,1.0441,1.0684,0.85127,0.667,0.73443,0.50343,1.0131,0.85627,1.038,0.00080447,0.00080447,0.00080447
160,1.1438,1.0394,1.0591,0.80465,0.71224,0.75373,0.522,0.98802,0.83714,1.0269,0.00080324,0.00080324,0.00080324
161,1.1461,1.0493,1.0595,0.86292,0.67963,0.75466,0.50994,1.0363,0.87842,1.0455,0.000802,0.000802,0.000802
162,1.1448,1.0251,1.0696,0.85205,0.69543,0.76863,0.52803,0.9954,0.8415,1.0296,0.00080076,0.00080076,0.00080076
163,1.1266,1.0432,1.056,0.82539,0.69858,0.74565,0.5163,0.99591,0.85177,1.0318,0.00079953,0.00079953,0.00079953
164,1.1283,1.0201,1.054,0.84582,0.67909,0.74509,0.51277,0.99727,0.85193,1.027,0.00079829,0.00079829,0.00079829
165,1.143,1.0366,1.0647,0.85181,0.67559,0.75121,0.51397,1.0035,0.85653,1.0326,0.00079705,0.00079705,0.00079705
166,1.1375,1.029,1.0703,0.85705,0.69322,0.75165,0.51143,1.0264,0.83926,1.0481,0.00079581,0.00079581,0.00079581
167,1.1267,0.98754,1.0569,0.85901,0.67951,0.74533,0.51535,0.99359,0.84049,1.0271,0.00079458,0.00079458,0.00079458
168,1.1418,1.0023,1.0549,0.86994,0.68613,0.7605,0.51508,1.0055,0.80298,1.0288,0.00079334,0.00079334,0.00079334
169,1.1447,0.99915,1.0542,0.87184,0.6805,0.75842,0.52719,0.98441,0.80983,1.0251,0.0007921,0.0007921,0.0007921
170,1.1212,1.0046,1.0536,0.86476,0.69662,0.76254,0.53041,0.99004,0.8011,1.026,0.00079086,0.00079086,0.00079086
171,1.1289,0.97574,1.0611,0.88491,0.68242,0.76969,0.53246,0.97898,0.79194,1.0187,0.00078963,0.00078963,0.00078963
172,1.1245,1.0064,1.0529,0.8702,0.70053,0.76859,0.54107,0.95733,0.76946,1.0119,0.00078839,0.00078839,0.00078839
173,1.1079,0.97033,1.0393,0.88322,0.6912,0.77345,0.53225,0.9861,0.78079,1.0263,0.00078715,0.00078715,0.00078715
174,1.1133,0.97705,1.0453,0.85869,0.70141,0.76306,0.52504,1.0005,0.81807,1.0273,0.00078591,0.00078591,0.00078591
175,1.1055,0.96821,1.055,0.87687,0.69694,0.7751,0.54126,0.9563,0.78899,1.0105,0.00078467,0.00078467,0.00078467
176,1.1359,1.0131,1.0532,0.87169,0.70596,0.77262,0.5348,0.98122,0.78813,1.0215,0.00078344,0.00078344,0.00078344
177,1.1241,0.97558,1.0368,0.86355,0.69959,0.77122,0.53593,0.96589,0.79792,1.0167,0.0007822,0.0007822,0.0007822
178,1.1252,0.98052,1.0505,0.86011,0.70141,0.76769,0.53543,0.97544,0.7778,1.0192,0.00078096,0.00078096,0.00078096
179,1.0965,0.94896,1.0392,0.90651,0.68376,0.773,0.54119,0.95974,0.75545,1.0128,0.00077972,0.00077972,0.00077972
180,1.1091,0.95634,1.0471,0.88321,0.68854,0.77567,0.53847,0.99567,0.78578,1.0311,0.00077849,0.00077849,0.00077849
181,1.105,0.9667,1.039,0.89174,0.70487,0.7839,0.54662,0.96607,0.7488,1.0174,0.00077725,0.00077725,0.00077725
182,1.1051,0.9454,1.05,0.88542,0.70832,0.78277,0.54592,0.96619,0.78782,1.0137,0.00077601,0.00077601,0.00077601
183,1.0923,0.93194,1.0356,0.8734,0.70918,0.78728,0.55616,0.94217,0.77558,1.0015,0.00077478,0.00077478,0.00077478
184,1.0704,0.91499,1.0239,0.89719,0.7168,0.79781,0.56407,0.9421,0.73701,1.0045,0.00077354,0.00077354,0.00077354
185,1.0951,0.93278,1.0326,0.88381,0.70186,0.79104,0.54884,0.95699,0.74889,1.0082,0.0007723,0.0007723,0.0007723
186,1.1034,0.93973,1.048,0.83093,0.73773,0.77686,0.54334,0.97366,0.83559,1.0148,0.00077106,0.00077106,0.00077106
187,1.0782,0.9386,1.0388,0.88689,0.73376,0.80235,0.56466,0.9382,0.73083,1.0042,0.00076983,0.00076983,0.00076983
188,1.0799,0.90766,1.0435,0.8893,0.73661,0.81173,0.5763,0.92878,0.69919,0.9966,0.00076859,0.00076859,0.00076859
189,1.093,0.89564,1.0326,0.88271,0.71692,0.78174,0.53056,1.0192,0.76607,1.0402,0.00076735,0.00076735,0.00076735
190,1.1007,0.91051,1.048,0.86133,0.73435,0.79986,0.56036,0.9584,0.70748,1.0084,0.00076611,0.00076611,0.00076611
191,1.066,0.8847,1.0317,0.89651,0.71328,0.78254,0.54901,0.94556,0.7366,1.005,0.00076488,0.00076488,0.00076488
192,1.076,0.90391,1.0328,0.86866,0.76493,0.81366,0.57794,0.92577,0.68899,0.99565,0.00076364,0.00076364,0.00076364
193,1.0845,0.91447,1.0272,0.84735,0.73621,0.79646,0.55917,0.94801,0.7254,1.0061,0.0007624,0.0007624,0.0007624
194,1.071,0.90364,1.0298,0.90609,0.71681,0.81245,0.57162,0.93586,0.6976,0.99842,0.00076116,0.00076116,0.00076116
195,1.0726,0.9289,1.028,0.91245,0.71787,0.81175,0.57576,0.92947,0.69658,0.99725,0.00075993,0.00075993,0.00075993
196,1.0906,0.90279,1.0295,0.89833,0.72738,0.79784,0.56528,0.95337,0.70062,1.007,0.00075869,0.00075869,0.00075869
197,1.0886,0.90716,1.0376,0.85727,0.72324,0.79854,0.56095,0.95046,0.71886,1.0105,0.00075745,0.00075745,0.00075745
198,1.0977,0.9329,1.0405,0.86643,0.76344,0.81115,0.57644,0.94711,0.69183,1.0079,0.00075621,0.00075621,0.00075621
199,1.0704,0.87761,1.0198,0.90947,0.72686,0.81193,0.58038,0.91371,0.68644,0.99324,0.00075497,0.00075497,0.00075497
200,1.0779,0.88399,1.0294,0.90293,0.73992,0.82124,0.59525,0.90793,0.66304,0.98884,0.00075374,0.00075374,0.00075374
201,1.077,0.87599,1.0252,0.90112,0.7046,0.79877,0.55731,0.96431,0.72698,1.0123,0.0007525,0.0007525,0.0007525
202,1.0835,0.89043,1.0336,0.88926,0.74055,0.80879,0.5785,0.91838,0.6888,0.99059,0.00075126,0.00075126,0.00075126
203,1.0543,0.88159,1.0211,0.79608,0.79606,0.81627,0.57676,0.91864,0.67611,0.99093,0.00075003,0.00075003,0.00075003
204,1.0806,0.89981,1.0188,0.8141,0.70866,0.79044,0.5568,0.95528,0.71821,1.0036,0.00074879,0.00074879,0.00074879
205,1.0543,0.87966,1.0269,0.91121,0.7197,0.80951,0.57819,0.91216,0.68289,0.9894,0.00074755,0.00074755,0.00074755
206,1.0685,0.854,1.0347,0.90899,0.72074,0.80632,0.5676,0.96792,0.69571,1.0142,0.00074631,0.00074631,0.00074631
207,1.0739,0.87084,1.0345,0.90819,0.74351,0.82024,0.58827,0.92555,0.66129,0.99186,0.00074507,0.00074507,0.00074507
208,1.0546,0.87839,1.0234,0.87743,0.75539,0.81595,0.58639,0.92197,0.69079,0.98947,0.00074384,0.00074384,0.00074384
209,1.0535,0.85052,1.0273,0.89678,0.7295,0.81477,0.57626,0.9362,0.69674,1.0008,0.0007426,0.0007426,0.0007426
210,1.0751,0.8834,1.0276,0.87464,0.76667,0.82003,0.58535,0.92991,0.6903,0.9986,0.00074136,0.00074136,0.00074136
211,1.0363,0.86211,1.026,0.84027,0.79629,0.82743,0.60324,0.88516,0.64295,0.97848,0.00074013,0.00074013,0.00074013
212,1.052,0.88114,1.0236,0.90772,0.72295,0.8134,0.57594,0.93899,0.70204,0.99927,0.00073889,0.00073889,0.00073889
213,1.0385,0.86257,1.0179,0.91408,0.73901,0.81433,0.58787,0.88214,0.65459,0.97668,0.00073765,0.00073765,0.00073765
214,1.0452,0.8552,1.021,0.86671,0.77398,0.81704,0.5855,0.9159,0.66852,0.9886,0.00073641,0.00073641,0.00073641
215,1.0578,0.85611,1.0257,0.9083,0.76468,0.82365,0.59643,0.89476,0.65913,0.9803,0.00073517,0.00073517,0.00073517
216,1.028,0.82281,1.0117,0.91457,0.72852,0.8106,0.58789,0.90291,0.65039,0.98418,0.00073394,0.00073394,0.00073394
217,1.0481,0.82655,1.0186,0.89716,0.74084,0.8137,0.5786,0.90239,0.65046,0.98248,0.0007327,0.0007327,0.0007327
218,1.0509,0.82318,1.0205,0.88806,0.79417,0.83899,0.59874,0.89185,0.61815,0.97786,0.00073146,0.00073146,0.00073146
219,1.0536,0.8401,1.0216,0.89741,0.7851,0.83705,0.60459,0.88374,0.63367,0.97429,0.00073023,0.00073023,0.00073023
220,1.0384,0.83991,1.0162,0.86617,0.80073,0.83857,0.60375,0.87524,0.62444,0.97231,0.00072899,0.00072899,0.00072899
221,1.0313,0.83056,1.0129,0.85306,0.80663,0.8366,0.60505,0.88079,0.61057,0.97307,0.00072775,0.00072775,0.00072775
222,1.0416,0.83654,1.0129,0.93665,0.75262,0.83846,0.61104,0.8731,0.60443,0.9739,0.00072651,0.00072651,0.00072651
223,1.0275,0.82143,1.0049,0.9151,0.74971,0.83261,0.60051,0.90569,0.6377,0.98466,0.00072527,0.00072527,0.00072527
224,1.0265,0.81909,1.0034,0.86362,0.80856,0.84153,0.61096,0.87677,0.615,0.97192,0.00072404,0.00072404,0.00072404
225,1.0462,0.83986,1.0107,0.71363,0.79855,0.78327,0.56554,0.91912,0.70631,0.98663,0.0007228,0.0007228,0.0007228
226,1.0295,0.82924,1.0124,0.85136,0.79935,0.8358,0.61163,0.87972,0.62999,0.97228,0.00072156,0.00072156,0.00072156
227,1.0234,0.82815,1.0106,0.87555,0.80626,0.84328,0.6054,0.87182,0.60389,0.97214,0.00072032,0.00072032,0.00072032
228,1.022,0.80159,1.0065,0.89095,0.77727,0.84309,0.60481,0.89437,0.64005,0.97664,0.00071909,0.00071909,0.00071909
229,1.0285,0.83767,1.0138,0.87949,0.79634,0.84897,0.61588,0.86903,0.60985,0.96734,0.00071785,0.00071785,0.00071785
230,1.0208,0.79542,1.0084,0.90656,0.79961,0.84195,0.61534,0.85282,0.59557,0.96017,0.00071661,0.00071661,0.00071661
231,1.0131,0.82046,1.008,0.88821,0.79461,0.85022,0.61702,0.88197,0.60643,0.97268,0.00071537,0.00071537,0.00071537
232,1.0085,0.80977,1.0084,0.88492,0.80879,0.84835,0.61371,0.88613,0.60483,0.97587,0.00071414,0.00071414,0.00071414
233,1.0107,0.78942,0.99257,0.8805,0.78104,0.84344,0.60919,0.88432,0.59843,0.97298,0.0007129,0.0007129,0.0007129
234,1.0273,0.79453,0.99983,0.83558,0.81807,0.852,0.61512,0.87975,0.6207,0.97266,0.00071166,0.00071166,0.00071166
235,1.0196,0.78927,1.0098,0.93358,0.75549,0.85764,0.6256,0.87096,0.59609,0.96972,0.00071042,0.00071042,0.00071042
236,1.0239,0.77457,1.004,0.87372,0.80178,0.85025,0.61728,0.88757,0.60756,0.97598,0.00070919,0.00070919,0.00070919
237,1.0044,0.79377,1.0097,0.8779,0.76986,0.8267,0.60317,0.87376,0.60877,0.96956,0.00070795,0.00070795,0.00070795
238,1.0248,0.79759,1.008,0.82077,0.81305,0.84572,0.61596,0.87851,0.61203,0.97147,0.00070671,0.00070671,0.00070671
239,1.0212,0.80472,1.0018,0.89502,0.81297,0.86141,0.62715,0.86052,0.57628,0.96606,0.00070548,0.00070548,0.00070548
240,1.0139,0.80615,0.9995,0.91987,0.78058,0.86425,0.63031,0.84488,0.58929,0.95873,0.00070424,0.00070424,0.00070424
241,1.0196,0.79786,1.0045,0.90409,0.79424,0.85895,0.62835,0.84856,0.58711,0.9603,0.000703,0.000703,0.000703
242,0.99498,0.78991,0.99767,0.92798,0.79657,0.85828,0.62701,0.85203,0.58589,0.95902,0.00070176,0.00070176,0.00070176
243,1.0028,0.77317,0.99847,0.92356,0.78392,0.85629,0.63068,0.83011,0.57408,0.95376,0.00070053,0.00070053,0.00070053
244,0.99353,0.77867,0.99465,0.84554,0.82736,0.85805,0.62912,0.83966,0.5792,0.9575,0.00069929,0.00069929,0.00069929
245,0.99853,0.78157,1.0003,0.90891,0.77272,0.85332,0.62682,0.86549,0.59193,0.97032,0.00069805,0.00069805,0.00069805
246,0.99392,0.7898,1.0035,0.8831,0.80176,0.85346,0.62603,0.84888,0.5787,0.96131,0.00069681,0.00069681,0.00069681
247,0.98077,0.74757,1.0026,0.92418,0.7702,0.8657,0.63252,0.85013,0.57534,0.96102,0.00069558,0.00069558,0.00069558
248,1.0094,0.7801,0.98713,0.90347,0.80082,0.86673,0.63551,0.84595,0.58769,0.95843,0.00069434,0.00069434,0.00069434
249,0.99625,0.76237,0.99699,0.90085,0.78826,0.84594,0.62454,0.86466,0.60282,0.96447,0.0006931,0.0006931,0.0006931
250,0.97912,0.75076,0.9873,0.92513,0.80544,0.86189,0.63122,0.84795,0.57565,0.96019,0.00069186,0.00069186,0.00069186
251,0.98934,0.76165,0.99436,0.93792,0.78948,0.87339,0.63806,0.84702,0.56295,0.95867,0.00069063,0.00069063,0.00069063
252,0.99808,0.77849,0.99706,0.87345,0.82917,0.87233,0.6343,0.8564,0.56235,0.95936,0.00068939,0.00068939,0.00068939
253,1.0053,0.76362,1.0067,0.92321,0.79802,0.86529,0.64394,0.82568,0.55554,0.95023,0.00068815,0.00068815,0.00068815
254,0.98073,0.74435,0.98478,0.88325,0.81611,0.86476,0.63895,0.84671,0.56149,0.96048,0.00068691,0.00068691,0.00068691
255,0.97928,0.74272,0.99717,0.92088,0.79884,0.86992,0.64545,0.82107,0.56364,0.94999,0.00068568,0.00068568,0.00068568
256,0.98762,0.76902,1.0061,0.87491,0.82292,0.86582,0.63469,0.8505,0.55999,0.95745,0.00068444,0.00068444,0.00068444
257,0.96452,0.74759,0.98296,0.93113,0.79996,0.87423,0.64407,0.82472,0.54715,0.94972,0.0006832,0.0006832,0.0006832
258,0.96818,0.75074,0.98801,0.92352,0.81279,0.87112,0.64494,0.82358,0.53922,0.94877,0.00068196,0.00068196,0.00068196
259,0.97258,0.74511,0.98502,0.9063,0.81057,0.86648,0.64644,0.81798,0.56805,0.94707,0.00068073,0.00068073,0.00068073
260,0.97103,0.75341,0.98552,0.94418,0.78581,0.86893,0.64375,0.82293,0.54692,0.94895,0.00067949,0.00067949,0.00067949
261,0.98569,0.75597,0.99094,0.90694,0.83898,0.87131,0.63518,0.84394,0.55123,0.95535,0.00067825,0.00067825,0.00067825
262,0.99207,0.77062,0.99059,0.88369,0.82597,0.87384,0.64485,0.8193,0.55395,0.94775,0.00067701,0.00067701,0.00067701
263,0.98368,0.76001,0.99836,0.91088,0.81858,0.87431,0.63973,0.83885,0.56755,0.95368,0.00067577,0.00067577,0.00067577
264,0.99442,0.76935,0.99735,0.89891,0.82967,0.88497,0.64852,0.82154,0.5603,0.94762,0.00067454,0.00067454,0.00067454
265,0.97531,0.74706,0.98227,0.88857,0.8327,0.87701,0.64468,0.81892,0.53348,0.94656,0.0006733,0.0006733,0.0006733
266,0.97527,0.74221,0.97205,0.92377,0.82998,0.87823,0.65011,0.80906,0.53438,0.94151,0.00067206,0.00067206,0.00067206
267,0.97583,0.73043,0.98425,0.93213,0.81589,0.87084,0.64546,0.8275,0.5361,0.94681,0.00067083,0.00067083,0.00067083
268,0.95577,0.72773,0.98387,0.87487,0.85707,0.8837,0.65302,0.82509,0.53784,0.94819,0.00066959,0.00066959,0.00066959
269,0.98287,0.73466,0.99058,0.92425,0.82423,0.87792,0.6442,0.84725,0.55345,0.95628,0.00066835,0.00066835,0.00066835
270,0.98405,0.74657,0.98338,0.89571,0.84331,0.87018,0.64565,0.8098,0.52698,0.94183,0.00066711,0.00066711,0.00066711
271,0.95892,0.72652,0.97998,0.90243,0.83484,0.88097,0.64679,0.82736,0.53946,0.94941,0.00066588,0.00066588,0.00066588
272,0.97642,0.73322,0.98994,0.92379,0.83646,0.88412,0.66097,0.79557,0.52046,0.93647,0.00066464,0.00066464,0.00066464
273,0.96032,0.70014,0.98283,0.86287,0.84569,0.88697,0.6587,0.81046,0.52008,0.94158,0.0006634,0.0006634,0.0006634
274,0.96028,0.73492,0.98866,0.87411,0.87922,0.89079,0.66556,0.79865,0.52382,0.93799,0.00066216,0.00066216,0.00066216
275,0.94787,0.72543,0.96538,0.85173,0.87408,0.88965,0.66124,0.8102,0.53105,0.94298,0.00066093,0.00066093,0.00066093
276,0.95102,0.69979,0.98107,0.91023,0.84922,0.89003,0.66287,0.79012,0.52606,0.93518,0.00065969,0.00065969,0.00065969
277,0.9533,0.70587,0.98797,0.90547,0.84218,0.88423,0.66549,0.77966,0.51139,0.93071,0.00065845,0.00065845,0.00065845
278,0.94227,0.68819,0.96853,0.9114,0.84055,0.88179,0.66132,0.80453,0.52508,0.93964,0.00065721,0.00065721,0.00065721
279,0.96541,0.70197,0.99047,0.85868,0.84931,0.88569,0.66093,0.80105,0.5242,0.93672,0.00065598,0.00065598,0.00065598
280,0.95125,0.71699,0.97866,0.85618,0.86231,0.87725,0.65935,0.80531,0.5191,0.94104,0.00065474,0.00065474,0.00065474
281,0.93988,0.70976,0.97689,0.89216,0.84988,0.89008,0.66499,0.79782,0.51247,0.93546,0.0006535,0.0006535,0.0006535
282,0.93762,0.68603,0.96965,0.91991,0.83236,0.8881,0.66414,0.7981,0.51957,0.93717,0.00065226,0.00065226,0.00065226
283,0.93401,0.69839,0.982,0.88854,0.85465,0.89306,0.66408,0.80716,0.51937,0.94077,0.00065102,0.00065102,0.00065102
284,0.94981,0.71618,0.9754,0.92908,0.82321,0.8837,0.66424,0.7984,0.51593,0.93708,0.00064979,0.00064979,0.00064979
285,0.94913,0.71317,0.97512,0.9277,0.83173,0.88825,0.66416,0.78498,0.51397,0.9318,0.00064855,0.00064855,0.00064855
286,0.93879,0.70764,0.98776,0.92118,0.83908,0.89389,0.67772,0.77983,0.49871,0.92909,0.00064731,0.00064731,0.00064731
287,0.93255,0.68505,0.96779,0.82025,0.87466,0.88451,0.66457,0.80154,0.51217,0.93899,0.00064608,0.00064608,0.00064608
288,0.92196,0.68273,0.96131,0.9234,0.84848,0.88952,0.66563,0.7809,0.50523,0.93207,0.00064484,0.00064484,0.00064484
289,0.93853,0.68427,0.97927,0.91256,0.84695,0.88759,0.66489,0.79372,0.5026,0.93525,0.0006436,0.0006436,0.0006436
290,0.94308,0.71204,0.97044,0.93777,0.83282,0.88724,0.66234,0.80804,0.52321,0.93753,0.00064236,0.00064236,0.00064236
291,0.93287,0.70511,0.97346,0.88436,0.85987,0.89222,0.67123,0.7746,0.50665,0.92699,0.00064112,0.00064112,0.00064112
292,0.92892,0.68323,0.97298,0.89453,0.85786,0.89125,0.67079,0.79334,0.50312,0.93334,0.00063989,0.00063989,0.00063989
293,0.93878,0.68997,0.97331,0.94127,0.85265,0.89596,0.67516,0.77174,0.49712,0.92543,0.00063865,0.00063865,0.00063865
294,0.94027,0.70226,0.97135,0.89929,0.86236,0.89848,0.67745,0.78126,0.49878,0.93131,0.00063741,0.00063741,0.00063741
295,0.93863,0.68537,0.96885,0.95155,0.84532,0.89746,0.67379,0.77633,0.50088,0.92855,0.00063618,0.00063618,0.00063618
296,0.93634,0.69866,0.97726,0.93,0.83322,0.89852,0.67984,0.77936,0.50436,0.92891,0.00063494,0.00063494,0.00063494
297,0.92231,0.67448,0.96766,0.93278,0.85312,0.8963,0.66883,0.7919,0.51179,0.93297,0.0006337,0.0006337,0.0006337
298,0.93462,0.69113,0.97329,0.94933,0.84742,0.90969,0.67468,0.78194,0.49754,0.92988,0.00063246,0.00063246,0.00063246
299,0.91835,0.67531,0.96956,0.93899,0.86536,0.89888,0.67718,0.7698,0.49535,0.92476,0.00063122,0.00063122,0.00063122
300,0.91223,0.66619,0.96295,0.89599,0.86723,0.90232,0.67295,0.78826,0.50397,0.93195,0.00062999,0.00062999,0.00062999
301,0.92965,0.68568,0.96646,0.8991,0.86099,0.89673,0.67884,0.76336,0.49758,0.92213,0.00062875,0.00062875,0.00062875
302,0.91248,0.68461,0.95934,0.9506,0.84375,0.90422,0.68263,0.75715,0.48418,0.91912,0.00062751,0.00062751,0.00062751
303,0.91891,0.68313,0.97606,0.93994,0.85202,0.90095,0.68092,0.76686,0.48822,0.92239,0.00062628,0.00062628,0.00062628
304,0.91819,0.66436,0.96614,0.94041,0.85175,0.90472,0.68533,0.77137,0.48481,0.92575,0.00062504,0.00062504,0.00062504
305,0.91716,0.67955,0.9711,0.87506,0.85493,0.88553,0.66972,0.78641,0.49927,0.93157,0.0006238,0.0006238,0.0006238
306,0.92086,0.67465,0.9717,0.90965,0.86004,0.89579,0.68312,0.76307,0.48399,0.92173,0.00062256,0.00062256,0.00062256
307,0.90752,0.65427,0.95916,0.87756,0.86876,0.89406,0.68113,0.76862,0.48659,0.92509,0.00062132,0.00062132,0.00062132
308,0.92901,0.67274,0.96832,0.92361,0.86499,0.90612,0.67743,0.7853,0.499,0.92842,0.00062009,0.00062009,0.00062009
309,0.92758,0.66757,0.97165,0.91708,0.88429,0.91439,0.68721,0.75611,0.48202,0.91924,0.00061885,0.00061885,0.00061885
310,0.91145,0.66257,0.97727,0.92805,0.89497,0.91412,0.69024,0.74601,0.47329,0.91673,0.00061761,0.00061761,0.00061761
311,0.92026,0.67226,0.97167,0.91321,0.87385,0.90814,0.68465,0.76965,0.48126,0.92364,0.00061638,0.00061638,0.00061638
312,0.90933,0.67121,0.96948,0.9271,0.86494,0.9162,0.68742,0.75297,0.47041,0.91835,0.00061514,0.00061514,0.00061514
313,0.90367,0.6542,0.96738,0.93561,0.85272,0.90411,0.67823,0.77657,0.48951,0.92706,0.0006139,0.0006139,0.0006139
314,0.89768,0.64524,0.96242,0.92714,0.86144,0.90816,0.68815,0.74762,0.47971,0.91718,0.00061266,0.00061266,0.00061266
315,0.91949,0.67003,0.96056,0.88232,0.88589,0.90471,0.68303,0.7551,0.47395,0.92151,0.00061142,0.00061142,0.00061142
316,0.91228,0.67261,0.96677,0.92408,0.87413,0.91106,0.69743,0.7426,0.46492,0.91455,0.00061019,0.00061019,0.00061019
317,0.91751,0.66959,0.96335,0.89102,0.88363,0.9114,0.68989,0.75835,0.47182,0.92086,0.00060895,0.00060895,0.00060895
318,0.90479,0.65432,0.96081,0.92244,0.86614,0.91242,0.69165,0.74765,0.48021,0.91649,0.00060771,0.00060771,0.00060771
319,0.91868,0.6674,0.9638,0.88483,0.90366,0.9147,0.68917,0.7709,0.48662,0.92394,0.00060647,0.00060647,0.00060647
320,0.91928,0.65246,0.96273,0.94367,0.86269,0.91158,0.69857,0.74736,0.47319,0.91666,0.00060524,0.00060524,0.00060524
321,0.91285,0.66702,0.96179,0.94586,0.86829,0.91128,0.69596,0.73923,0.47286,0.91522,0.000604,0.000604,0.000604
322,0.90064,0.6526,0.9487,0.89679,0.87925,0.90461,0.6875,0.75868,0.47636,0.9205,0.00060276,0.00060276,0.00060276
323,0.88766,0.64122,0.95318,0.91297,0.88917,0.90646,0.69238,0.74752,0.47068,0.91612,0.00060152,0.00060152,0.00060152
324,0.89349,0.6499,0.9545,0.91228,0.87687,0.91083,0.69051,0.74927,0.4683,0.91622,0.00060029,0.00060029,0.00060029
325,0.90462,0.65328,0.95669,0.90457,0.8992,0.9123,0.69431,0.75085,0.46252,0.92008,0.00059905,0.00059905,0.00059905
326,0.90244,0.64534,0.96454,0.95191,0.85084,0.90253,0.68144,0.76106,0.47919,0.91924,0.00059781,0.00059781,0.00059781
327,0.88719,0.62953,0.95972,0.89127,0.89825,0.91753,0.69646,0.7485,0.46919,0.91635,0.00059658,0.00059658,0.00059658
328,0.90108,0.65211,0.95729,0.87701,0.88508,0.91078,0.69398,0.73339,0.46756,0.90981,0.00059534,0.00059534,0.00059534
329,0.88933,0.63301,0.95856,0.91747,0.87296,0.9089,0.69539,0.72856,0.46208,0.90921,0.0005941,0.0005941,0.0005941
330,0.90674,0.66361,0.956,0.94335,0.85071,0.91551,0.69876,0.73973,0.47055,0.91488,0.00059286,0.00059286,0.00059286
331,0.8886,0.6443,0.96168,0.92973,0.88137,0.92861,0.70558,0.74399,0.46485,0.91511,0.00059163,0.00059163,0.00059163
332,0.90093,0.65284,0.96818,0.89913,0.88118,0.91575,0.70419,0.73523,0.46931,0.90982,0.00059039,0.00059039,0.00059039
333,0.89554,0.64815,0.95794,0.91264,0.89137,0.91496,0.70355,0.72838,0.46766,0.90931,0.00058915,0.00058915,0.00058915
334,0.90583,0.64635,0.96388,0.91428,0.8963,0.91807,0.69876,0.73228,0.46143,0.91024,0.00058791,0.00058791,0.00058791
335,0.89198,0.63915,0.95215,0.94291,0.88092,0.92264,0.70283,0.73528,0.45294,0.9124,0.00058668,0.00058668,0.00058668
336,0.88215,0.63507,0.94637,0.93123,0.87268,0.91257,0.69617,0.73361,0.46306,0.90995,0.00058544,0.00058544,0.00058544
337,0.88377,0.63427,0.94901,0.95184,0.87371,0.91963,0.69545,0.74883,0.46741,0.91485,0.0005842,0.0005842,0.0005842
338,0.87437,0.62967,0.95122,0.9147,0.88241,0.9169,0.70204,0.72757,0.46579,0.90838,0.00058296,0.00058296,0.00058296
339,0.88631,0.64744,0.9521,0.93106,0.88982,0.92088,0.70643,0.72696,0.45299,0.91029,0.00058173,0.00058173,0.00058173
340,0.89531,0.64983,0.95775,0.94059,0.88179,0.91848,0.70783,0.71922,0.45873,0.90588,0.00058049,0.00058049,0.00058049
341,0.88471,0.63665,0.95307,0.94888,0.87307,0.92467,0.70293,0.74506,0.46327,0.915,0.00057925,0.00057925,0.00057925
342,0.90051,0.64165,0.95109,0.93826,0.88176,0.92026,0.70569,0.72168,0.45355,0.90626,0.00057801,0.00057801,0.00057801
343,0.88522,0.6298,0.94727,0.90875,0.8914,0.91648,0.69741,0.73377,0.46875,0.90907,0.00057678,0.00057678,0.00057678
344,0.88381,0.63945,0.94854,0.94804,0.88655,0.92237,0.71071,0.71794,0.45254,0.90541,0.00057554,0.00057554,0.00057554
345,0.89307,0.64481,0.95491,0.92846,0.90306,0.92722,0.71089,0.72082,0.45001,0.90454,0.0005743,0.0005743,0.0005743
346,0.87981,0.6166,0.94718,0.96261,0.86539,0.9238,0.70735,0.72585,0.45129,0.90442,0.00057306,0.00057306,0.00057306
347,0.89154,0.64761,0.96453,0.9109,0.8863,0.92633,0.70323,0.7304,0.4557,0.90902,0.00057183,0.00057183,0.00057183
348,0.87441,0.62477,0.9498,0.89825,0.89572,0.92635,0.71369,0.72363,0.45372,0.90595,0.00057059,0.00057059,0.00057059
349,0.87586,0.62358,0.95079,0.94684,0.88731,0.91677,0.70434,0.73021,0.45441,0.90788,0.00056935,0.00056935,0.00056935
350,0.86686,0.60342,0.9387,0.92282,0.90116,0.923,0.70877,0.72584,0.44357,0.90688,0.00056811,0.00056811,0.00056811
351,0.89009,0.62401,0.9573,0.9319,0.88624,0.92675,0.71668,0.71607,0.44813,0.90231,0.00056687,0.00056687,0.00056687
352,0.87963,0.63063,0.94618,0.94873,0.88588,0.92245,0.71415,0.72303,0.44518,0.90509,0.00056564,0.00056564,0.00056564
353,0.87181,0.61798,0.94422,0.93099,0.90033,0.92563,0.71766,0.71898,0.44235,0.90553,0.0005644,0.0005644,0.0005644
354,0.88022,0.61548,0.95173,0.9466,0.90548,0.93411,0.72415,0.7078,0.44024,0.90286,0.00056316,0.00056316,0.00056316
355,0.86692,0.61029,0.94577,0.92644,0.88869,0.92437,0.71733,0.71003,0.44222,0.90114,0.00056193,0.00056193,0.00056193
356,0.86569,0.606,0.94246,0.9263,0.89749,0.92401,0.71745,0.70684,0.43984,0.8994,0.00056069,0.00056069,0.00056069
357,0.87783,0.61361,0.9385,0.93984,0.89892,0.92829,0.71483,0.71244,0.43989,0.90056,0.00055945,0.00055945,0.00055945
358,0.87073,0.62525,0.94689,0.90238,0.90396,0.92252,0.71502,0.72272,0.44193,0.90502,0.00055821,0.00055821,0.00055821
359,0.86213,0.61534,0.94287,0.91364,0.8881,0.92267,0.72235,0.70239,0.444,0.89793,0.00055698,0.00055698,0.00055698
360,0.84814,0.59703,0.94196,0.92952,0.90993,0.92953,0.71677,0.71098,0.43915,0.90049,0.00055574,0.00055574,0.00055574
361,0.88867,0.63827,0.95142,0.92504,0.87893,0.92432,0.71858,0.71048,0.44638,0.90252,0.0005545,0.0005545,0.0005545
362,0.87244,0.6142,0.94827,0.95839,0.88285,0.92999,0.72012,0.71214,0.43938,0.90272,0.00055326,0.00055326,0.00055326
363,0.85894,0.61041,0.93558,0.94571,0.88836,0.92801,0.72288,0.70018,0.43647,0.89786,0.00055203,0.00055203,0.00055203
364,0.86553,0.61028,0.94669,0.92806,0.89826,0.92694,0.71843,0.70652,0.43569,0.90047,0.00055079,0.00055079,0.00055079
365,0.86555,0.61184,0.93869,0.92257,0.89735,0.93096,0.72128,0.69981,0.43194,0.8969,0.00054955,0.00054955,0.00054955
366,0.85953,0.60423,0.94216,0.93571,0.91104,0.93298,0.72663,0.70331,0.42879,0.89977,0.00054831,0.00054831,0.00054831
367,0.86419,0.60666,0.9441,0.9602,0.89555,0.92904,0.72423,0.69491,0.43077,0.89584,0.00054707,0.00054707,0.00054707
368,0.87153,0.6136,0.95676,0.95641,0.88954,0.93044,0.72319,0.69335,0.42829,0.89551,0.00054584,0.00054584,0.00054584
369,0.85907,0.60137,0.94494,0.94074,0.90455,0.92339,0.72047,0.69098,0.43026,0.89639,0.0005446,0.0005446,0.0005446
370,0.8737,0.60806,0.94961,0.94635,0.90051,0.92363,0.71671,0.70273,0.43537,0.89811,0.00054336,0.00054336,0.00054336
371,0.84822,0.61004,0.93958,0.95692,0.87942,0.9218,0.71677,0.69732,0.44161,0.8958,0.00054212,0.00054212,0.00054212
372,0.85523,0.59473,0.94261,0.93941,0.90907,0.93126,0.71789,0.69758,0.43579,0.89517,0.00054089,0.00054089,0.00054089
373,0.86438,0.60423,0.93669,0.93659,0.90977,0.92883,0.72095,0.70027,0.43498,0.89634,0.00053965,0.00053965,0.00053965
374,0.86756,0.61836,0.94806,0.93645,0.88966,0.92432,0.71976,0.71153,0.4427,0.9,0.00053841,0.00053841,0.00053841
375,0.84319,0.60268,0.93272,0.92805,0.90541,0.92428,0.72497,0.69025,0.43234,0.89348,0.00053717,0.00053717,0.00053717
376,0.8408,0.59786,0.94041,0.93899,0.9034,0.92283,0.72347,0.69719,0.42784,0.89727,0.00053594,0.00053594,0.00053594
377,0.87494,0.62385,0.94762,0.93839,0.90054,0.92479,0.72104,0.70687,0.43195,0.89904,0.0005347,0.0005347,0.0005347
378,0.83215,0.59316,0.93926,0.93718,0.90669,0.92944,0.71896,0.70608,0.4372,0.89846,0.00053346,0.00053346,0.00053346
379,0.84859,0.59078,0.93995,0.97327,0.87567,0.93155,0.71916,0.70748,0.43359,0.90025,0.00053223,0.00053223,0.00053223
380,0.82943,0.58634,0.92701,0.93298,0.90513,0.92933,0.72666,0.67803,0.42079,0.89003,0.00053099,0.00053099,0.00053099
381,0.84177,0.61563,0.94459,0.92598,0.91469,0.93062,0.72393,0.69301,0.43228,0.89384,0.00052975,0.00052975,0.00052975
382,0.84006,0.60124,0.93675,0.91607,0.91639,0.92935,0.72389,0.70028,0.42825,0.89504,0.00052851,0.00052851,0.00052851
383,0.85878,0.60287,0.93537,0.90962,0.91092,0.92143,0.71974,0.70304,0.42941,0.89625,0.00052727,0.00052727,0.00052727
384,0.83879,0.58371,0.9354,0.92417,0.91071,0.92154,0.72206,0.68642,0.42408,0.8924,0.00052604,0.00052604,0.00052604
385,0.83862,0.57793,0.93242,0.92588,0.91698,0.93183,0.72877,0.67837,0.423,0.88991,0.0005248,0.0005248,0.0005248
386,0.84772,0.60374,0.94936,0.93808,0.90086,0.92881,0.72872,0.68975,0.42435,0.89402,0.00052356,0.00052356,0.00052356
387,0.85266,0.60867,0.94708,0.94518,0.90134,0.92838,0.71948,0.70809,0.43307,0.90104,0.00052233,0.00052233,0.00052233
388,0.84808,0.59664,0.94085,0.94119,0.90189,0.92999,0.73103,0.69043,0.42552,0.89492,0.00052109,0.00052109,0.00052109
389,0.84368,0.59195,0.93315,0.92029,0.92275,0.92761,0.72758,0.68876,0.42267,0.89339,0.00051985,0.00051985,0.00051985
390,0.83738,0.59343,0.9381,0.94951,0.89426,0.92826,0.72976,0.6926,0.42353,0.89397,0.00051861,0.00051861,0.00051861
391,0.8422,0.59144,0.92985,0.93638,0.91151,0.9265,0.72891,0.68475,0.42526,0.89099,0.00051737,0.00051737,0.00051737
392,0.83923,0.58633,0.92817,0.92262,0.91385,0.92514,0.72626,0.68646,0.42302,0.89103,0.00051614,0.00051614,0.00051614
393,0.8408,0.6007,0.94199,0.9395,0.91701,0.93301,0.72966,0.68215,0.41894,0.8904,0.0005149,0.0005149,0.0005149
394,0.82286,0.57811,0.92972,0.95546,0.91199,0.93325,0.72731,0.68833,0.41859,0.89338,0.00051366,0.00051366,0.00051366
395,0.83612,0.58329,0.93301,0.94389,0.90852,0.93057,0.73233,0.68635,0.42411,0.89214,0.00051243,0.00051243,0.00051243
396,0.84246,0.58436,0.93465,0.95382,0.91252,0.93406,0.7389,0.67257,0.41731,0.88777,0.00051119,0.00051119,0.00051119
397,0.84416,0.58979,0.93477,0.93829,0.90217,0.93033,0.73688,0.67655,0.41323,0.88941,0.00050995,0.00050995,0.00050995
398,0.82587,0.58332,0.92769,0.92412,0.91071,0.92973,0.73362,0.67974,0.41808,0.89023,0.00050871,0.00050871,0.00050871
399,0.82221,0.57631,0.92674,0.92657,0.91626,0.93382,0.7368,0.67766,0.41445,0.88856,0.00050747,0.00050747,0.00050747
400,0.809,0.56171,0.92271,0.94812,0.89021,0.93298,0.7327,0.68332,0.42018,0.8913,0.00050624,0.00050624,0.00050624
401,0.83642,0.58199,0.93567,0.95418,0.90391,0.93247,0.73007,0.67917,0.41806,0.89,0.000505,0.000505,0.000505
402,0.81525,0.57374,0.92951,0.95939,0.9097,0.93253,0.73666,0.66577,0.41325,0.88519,0.00050376,0.00050376,0.00050376
403,0.81411,0.56264,0.93077,0.95129,0.91297,0.93877,0.74027,0.66261,0.41265,0.88567,0.00050252,0.00050252,0.00050252
404,0.83033,0.57855,0.93517,0.93761,0.90027,0.92957,0.73112,0.66918,0.41847,0.88675,0.00050129,0.00050129,0.00050129
405,0.82428,0.57475,0.92956,0.94988,0.89722,0.92876,0.7323,0.66929,0.41113,0.88687,0.00050005,0.00050005,0.00050005
406,0.83164,0.58512,0.94037,0.93736,0.9157,0.93332,0.73386,0.67518,0.41331,0.88912,0.00049881,0.00049881,0.00049881
407,0.81696,0.57304,0.92447,0.94405,0.90727,0.93582,0.74058,0.66278,0.41247,0.88435,0.00049758,0.00049758,0.00049758
408,0.80997,0.57669,0.92781,0.94909,0.9227,0.93596,0.73673,0.66632,0.41243,0.88591,0.00049634,0.00049634,0.00049634
409,0.82193,0.57348,0.92464,0.9351,0.91863,0.93925,0.74008,0.66807,0.41118,0.88525,0.0004951,0.0004951,0.0004951
410,0.81194,0.56354,0.92614,0.94881,0.91632,0.9397,0.73993,0.66434,0.41317,0.88419,0.00049386,0.00049386,0.00049386
411,0.82133,0.57793,0.92597,0.94191,0.91914,0.93623,0.73871,0.66879,0.41627,0.88659,0.00049263,0.00049263,0.00049263
412,0.83201,0.57931,0.9348,0.9296,0.9287,0.9403,0.7402,0.68028,0.41459,0.89024,0.00049139,0.00049139,0.00049139
413,0.8195,0.57721,0.93272,0.94726,0.91812,0.93769,0.73768,0.67252,0.4132,0.88863,0.00049015,0.00049015,0.00049015
414,0.81733,0.5696,0.93332,0.95701,0.91702,0.9382,0.73881,0.66291,0.41111,0.88534,0.00048891,0.00048891,0.00048891
415,0.80099,0.55377,0.92749,0.95975,0.91748,0.94093,0.74624,0.6614,0.40591,0.88576,0.00048768,0.00048768,0.00048768
416,0.82037,0.57404,0.9322,0.92717,0.9201,0.93649,0.7373,0.66962,0.40933,0.8857,0.00048644,0.00048644,0.00048644
417,0.82124,0.5702,0.93151,0.95454,0.90348,0.93974,0.7421,0.66468,0.40821,0.88469,0.0004852,0.0004852,0.0004852
418,0.81438,0.57919,0.9275,0.95445,0.90483,0.93873,0.74442,0.66013,0.40995,0.8835,0.00048396,0.00048396,0.00048396
419,0.80976,0.56576,0.92214,0.92418,0.9283,0.9384,0.7478,0.64934,0.40813,0.88073,0.00048273,0.00048273,0.00048273
420,0.8162,0.57098,0.9324,0.96603,0.89683,0.93745,0.74482,0.65364,0.40503,0.88212,0.00048149,0.00048149,0.00048149
421,0.80317,0.55561,0.92224,0.93523,0.9112,0.93516,0.74348,0.65247,0.40572,0.88057,0.00048025,0.00048025,0.00048025
422,0.79115,0.56028,0.91615,0.94993,0.9129,0.94449,0.74879,0.64935,0.4035,0.87936,0.00047901,0.00047901,0.00047901
423,0.81015,0.56638,0.92286,0.95917,0.91132,0.9369,0.74098,0.66444,0.407,0.88352,0.00047778,0.00047778,0.00047778
424,0.80703,0.55842,0.92548,0.96205,0.89308,0.93929,0.74635,0.65244,0.39994,0.88058,0.00047654,0.00047654,0.00047654
425,0.79949,0.55576,0.92109,0.94483,0.91726,0.94301,0.74904,0.65074,0.39665,0.8806,0.0004753,0.0004753,0.0004753
426,0.81295,0.56273,0.92779,0.94416,0.92804,0.94171,0.74665,0.65124,0.40138,0.88116,0.00047406,0.00047406,0.00047406
427,0.81239,0.56912,0.9234,0.92654,0.93446,0.93929,0.74976,0.65454,0.40358,0.88182,0.00047283,0.00047283,0.00047283
428,0.80661,0.56096,0.9171,0.93823,0.91669,0.93225,0.74049,0.66212,0.40645,0.88397,0.00047159,0.00047159,0.00047159
429,0.81114,0.55931,0.92925,0.94887,0.92536,0.93719,0.74416,0.65273,0.39965,0.8805,0.00047035,0.00047035,0.00047035
430,0.80197,0.54857,0.92061,0.95278,0.90503,0.93346,0.74961,0.64454,0.3966,0.87915,0.00046911,0.00046911,0.00046911
431,0.81211,0.55737,0.92959,0.9314,0.90675,0.93232,0.74397,0.65247,0.40155,0.88208,0.00046788,0.00046788,0.00046788
432,0.79415,0.5559,0.92404,0.93903,0.91966,0.93465,0.74798,0.65196,0.39977,0.88162,0.00046664,0.00046664,0.00046664
433,0.82371,0.57294,0.93549,0.94287,0.91408,0.94056,0.74886,0.65014,0.40324,0.88014,0.0004654,0.0004654,0.0004654
434,0.81501,0.57013,0.92386,0.94443,0.91837,0.93482,0.74582,0.65137,0.40432,0.88082,0.00046416,0.00046416,0.00046416
435,0.80332,0.57459,0.91784,0.93882,0.91739,0.9394,0.75541,0.64387,0.39668,0.87902,0.00046293,0.00046293,0.00046293
436,0.80118,0.561,0.92298,0.9347,0.9347,0.93946,0.75572,0.64082,0.39389,0.87733,0.00046169,0.00046169,0.00046169
437,0.78721,0.55093,0.92039,0.95023,0.92221,0.93769,0.75385,0.64193,0.39335,0.87742,0.00046045,0.00046045,0.00046045
438,0.79481,0.55172,0.91863,0.96428,0.91611,0.9384,0.75578,0.64146,0.39237,0.87747,0.00045921,0.00045921,0.00045921
439,0.80359,0.55633,0.92896,0.95955,0.92242,0.93623,0.74662,0.6497,0.3969,0.87961,0.00045798,0.00045798,0.00045798
440,0.80261,0.56633,0.92518,0.956,0.91807,0.94153,0.74624,0.65172,0.39763,0.87978,0.00045674,0.00045674,0.00045674
441,0.79268,0.55715,0.92416,0.93436,0.92363,0.93711,0.74742,0.64263,0.39617,0.87712,0.0004555,0.0004555,0.0004555
442,0.80362,0.54707,0.92258,0.94114,0.92036,0.93965,0.74614,0.65715,0.40049,0.8821,0.00045426,0.00045426,0.00045426
443,0.80368,0.56287,0.91781,0.95115,0.91625,0.94051,0.74542,0.64561,0.39644,0.87867,0.00045303,0.00045303,0.00045303
444,0.80027,0.55833,0.91492,0.96155,0.92074,0.94433,0.75913,0.64107,0.39294,0.8768,0.00045179,0.00045179,0.00045179
445,0.79287,0.55095,0.91618,0.96026,0.92563,0.94649,0.76221,0.6347,0.3898,0.87465,0.00045055,0.00045055,0.00045055
446,0.79625,0.55332,0.92023,0.94819,0.9256,0.94254,0.75887,0.6427,0.39371,0.87811,0.00044931,0.00044931,0.00044931
447,0.78528,0.54606,0.91704,0.95542,0.92546,0.94007,0.7537,0.64163,0.39158,0.87748,0.00044808,0.00044808,0.00044808
448,0.8022,0.55623,0.92121,0.95601,0.91939,0.93973,0.75793,0.63533,0.39355,0.87496,0.00044684,0.00044684,0.00044684
449,0.79202,0.54692,0.92292,0.96448,0.91938,0.94143,0.75616,0.63451,0.39216,0.87512,0.0004456,0.0004456,0.0004456
450,0.79304,0.5554,0.92212,0.95786,0.92157,0.94179,0.75416,0.63976,0.39251,0.8762,0.00044436,0.00044436,0.00044436
451,0.7923,0.54399,0.91834,0.94741,0.91265,0.93694,0.74978,0.64896,0.39688,0.87824,0.00044312,0.00044312,0.00044312
452,0.79925,0.54874,0.92278,0.95289,0.92165,0.94049,0.75962,0.62983,0.38921,0.87323,0.00044189,0.00044189,0.00044189
453,0.782,0.5574,0.91543,0.96982,0.91442,0.94224,0.7629,0.62375,0.38683,0.872,0.00044065,0.00044065,0.00044065
454,0.78658,0.54244,0.92238,0.966,0.91184,0.93811,0.75739,0.63151,0.38851,0.8735,0.00043941,0.00043941,0.00043941
455,0.79601,0.56184,0.92567,0.93786,0.91984,0.93586,0.75787,0.62658,0.38748,0.87251,0.00043818,0.00043818,0.00043818
456,0.78527,0.54496,0.91657,0.93629,0.92399,0.93735,0.75782,0.63335,0.38856,0.87445,0.00043694,0.00043694,0.00043694
457,0.76703,0.52655,0.91612,0.94835,0.92648,0.93907,0.76041,0.63091,0.38616,0.87418,0.0004357,0.0004357,0.0004357
458,0.78227,0.54178,0.9205,0.9559,0.92439,0.93817,0.75754,0.63518,0.38842,0.87617,0.00043446,0.00043446,0.00043446
459,0.78478,0.53966,0.90826,0.95321,0.92562,0.94009,0.75518,0.63935,0.38723,0.87706,0.00043322,0.00043322,0.00043322
460,0.77104,0.53563,0.91197,0.96261,0.91668,0.94049,0.75481,0.62847,0.38376,0.8735,0.00043199,0.00043199,0.00043199
461,0.77423,0.53641,0.90731,0.96246,0.92151,0.93834,0.75619,0.62317,0.38396,0.8715,0.00043075,0.00043075,0.00043075
462,0.77309,0.53649,0.91416,0.95612,0.91606,0.93805,0.75761,0.62287,0.38716,0.87186,0.00042951,0.00042951,0.00042951
463,0.78879,0.54933,0.91942,0.94922,0.92432,0.93848,0.75712,0.62701,0.38655,0.8736,0.00042828,0.00042828,0.00042828
464,0.78763,0.5521,0.9194,0.95678,0.92341,0.93836,0.75851,0.62672,0.38463,0.87297,0.00042704,0.00042704,0.00042704
465,0.78578,0.53556,0.91157,0.95033,0.92556,0.93846,0.75657,0.62797,0.38565,0.87353,0.0004258,0.0004258,0.0004258
466,0.78486,0.53676,0.91663,0.94716,0.91755,0.94198,0.75749,0.62391,0.38464,0.87265,0.00042456,0.00042456,0.00042456
467,0.78318,0.54233,0.92424,0.91544,0.92993,0.94259,0.76227,0.62639,0.38505,0.87332,0.00042333,0.00042333,0.00042333
468,0.77762,0.52979,0.91188,0.93743,0.93461,0.9389,0.75621,0.63045,0.38679,0.87264,0.00042209,0.00042209,0.00042209
469,0.7758,0.53339,0.916,0.97426,0.91044,0.94193,0.75943,0.63215,0.38586,0.87251,0.00042085,0.00042085,0.00042085
470,0.7801,0.54463,0.91537,0.95584,0.92931,0.93925,0.76231,0.62278,0.38727,0.87125,0.00041961,0.00041961,0.00041961
471,0.77435,0.53505,0.92099,0.95913,0.92258,0.93828,0.75978,0.61677,0.38561,0.86948,0.00041838,0.00041838,0.00041838
472,0.77521,0.54287,0.91589,0.95788,0.911,0.93842,0.75879,0.62411,0.38345,0.87258,0.00041714,0.00041714,0.00041714
473,0.76545,0.52857,0.91357,0.93341,0.93829,0.93874,0.76008,0.62244,0.38506,0.87066,0.0004159,0.0004159,0.0004159
474,0.76738,0.53807,0.90849,0.97054,0.90708,0.94133,0.76061,0.61913,0.38401,0.8697,0.00041466,0.00041466,0.00041466
475,0.78594,0.54045,0.91846,0.96267,0.90654,0.93782,0.75692,0.62071,0.38443,0.87061,0.00041342,0.00041342,0.00041342
476,0.77573,0.54075,0.91277,0.94539,0.92571,0.94233,0.76549,0.61877,0.38303,0.86986,0.00041219,0.00041219,0.00041219
477,0.76694,0.53574,0.91367,0.94308,0.93196,0.93866,0.75941,0.62619,0.38362,0.8723,0.00041095,0.00041095,0.00041095
478,0.76613,0.53353,0.908,0.95636,0.92848,0.93684,0.75787,0.6241,0.38074,0.87095,0.00040971,0.00040971,0.00040971
479,0.77676,0.5348,0.91567,0.94109,0.92925,0.93389,0.75599,0.62425,0.38221,0.87122,0.00040847,0.00040847,0.00040847
480,0.77778,0.54123,0.91619,0.94136,0.93044,0.94021,0.75754,0.62124,0.38128,0.86955,0.00040724,0.00040724,0.00040724
481,0.77412,0.53856,0.9125,0.94643,0.93405,0.93882,0.75803,0.61035,0.37853,0.86618,0.000406,0.000406,0.000406
482,0.75525,0.52931,0.907,0.96165,0.91621,0.94059,0.7612,0.60732,0.37617,0.86642,0.00040476,0.00040476,0.00040476
483,0.758,0.53145,0.91735,0.93906,0.92193,0.93855,0.76094,0.61137,0.38075,0.86725,0.00040352,0.00040352,0.00040352
484,0.73928,0.51365,0.91074,0.93192,0.93684,0.94214,0.76742,0.598,0.37541,0.86344,0.00040229,0.00040229,0.00040229
485,0.74996,0.51971,0.90239,0.92238,0.94331,0.93923,0.76521,0.60933,0.37995,0.86692,0.00040105,0.00040105,0.00040105
486,0.75864,0.52008,0.90986,0.93736,0.92398,0.93901,0.75983,0.62166,0.38132,0.87047,0.00039981,0.00039981,0.00039981
487,0.78465,0.53182,0.91529,0.94136,0.92619,0.93955,0.76368,0.60813,0.37774,0.8659,0.00039857,0.00039857,0.00039857
488,0.75334,0.52488,0.91436,0.94066,0.94088,0.94259,0.76607,0.60501,0.37572,0.86555,0.00039734,0.00039734,0.00039734
489,0.76531,0.52492,0.91223,0.94993,0.92828,0.94121,0.76565,0.60642,0.37558,0.86582,0.0003961,0.0003961,0.0003961
490,0.77708,0.52672,0.91337,0.92116,0.92896,0.94202,0.76486,0.60778,0.3773,0.86631,0.00039486,0.00039486,0.00039486
491,0.76876,0.52306,0.90845,0.96941,0.91871,0.94436,0.76552,0.60996,0.37908,0.86762,0.00039362,0.00039362,0.00039362
492,0.76609,0.52667,0.91024,0.96478,0.92646,0.94799,0.76788,0.6073,0.3765,0.86684,0.00039239,0.00039239,0.00039239
493,0.78208,0.53232,0.91611,0.96441,0.92797,0.94797,0.76737,0.60188,0.3741,0.86548,0.00039115,0.00039115,0.00039115
494,0.76721,0.53132,0.91678,0.94889,0.9369,0.94741,0.77163,0.59544,0.37428,0.86283,0.00038991,0.00038991,0.00038991
495,0.74227,0.51924,0.90591,0.94518,0.93444,0.94625,0.7693,0.59742,0.37307,0.86324,0.00038867,0.00038867,0.00038867
496,0.76754,0.52688,0.90893,0.94484,0.939,0.94847,0.77165,0.5991,0.37369,0.86309,0.00038744,0.00038744,0.00038744
497,0.76788,0.5308,0.91557,0.93966,0.93411,0.94766,0.77291,0.59847,0.3732,0.86294,0.0003862,0.0003862,0.0003862
498,0.75476,0.52341,0.91312,0.93898,0.92181,0.94357,0.7743,0.59851,0.37316,0.86399,0.00038496,0.00038496,0.00038496
499,0.76452,0.52405,0.91315,0.94304,0.93125,0.9441,0.77309,0.60335,0.37418,0.86511,0.00038372,0.00038372,0.00038372
500,0.7503,0.5121,0.90315,0.95728,0.9284,0.94263,0.76874,0.61283,0.37509,0.86737,0.00038249,0.00038249,0.00038249
501,0.75571,0.5211,0.91293,0.96277,0.92467,0.94351,0.76967,0.60709,0.3735,0.86468,0.00038125,0.00038125,0.00038125
502,0.74438,0.51363,0.90689,0.9366,0.9318,0.94445,0.77621,0.59255,0.37047,0.86057,0.00038001,0.00038001,0.00038001
503,0.75634,0.51603,0.91265,0.97102,0.91704,0.94501,0.77233,0.60089,0.37177,0.86433,0.00037878,0.00037878,0.00037878
504,0.75271,0.51166,0.90767,0.96932,0.92789,0.94883,0.77186,0.59706,0.37171,0.86338,0.00037754,0.00037754,0.00037754
505,0.75558,0.51641,0.90426,0.97099,0.91748,0.94769,0.77106,0.60245,0.37316,0.86474,0.0003763,0.0003763,0.0003763
506,0.76449,0.52956,0.90835,0.96829,0.92321,0.9468,0.77192,0.60478,0.37393,0.86531,0.00037506,0.00037506,0.00037506
507,0.7499,0.51337,0.90302,0.97872,0.92695,0.94605,0.77153,0.60532,0.37494,0.86566,0.00037383,0.00037383,0.00037383
508,0.75017,0.51364,0.90341,0.95999,0.93133,0.94957,0.77753,0.59881,0.37002,0.86291,0.00037259,0.00037259,0.00037259
509,0.7567,0.51675,0.90533,0.96822,0.9307,0.9499,0.77933,0.59295,0.3695,0.86193,0.00037135,0.00037135,0.00037135
510,0.74816,0.51508,0.90055,0.95551,0.92646,0.94646,0.77635,0.59015,0.36878,0.86078,0.00037011,0.00037011,0.00037011
511,0.75263,0.52067,0.90412,0.96809,0.92146,0.94592,0.7764,0.59842,0.3709,0.86349,0.00036888,0.00036888,0.00036888
512,0.74101,0.5112,0.90588,0.94742,0.9318,0.94569,0.77776,0.59015,0.36591,0.86127,0.00036764,0.00036764,0.00036764
513,0.74497,0.51345,0.90416,0.92862,0.93975,0.94845,0.77728,0.58916,0.36557,0.86069,0.0003664,0.0003664,0.0003664
514,0.7521,0.50783,0.90225,0.94892,0.93704,0.95002,0.77742,0.59524,0.36703,0.86238,0.00036516,0.00036516,0.00036516
515,0.74655,0.51562,0.90762,0.95979,0.93517,0.94913,0.77815,0.58983,0.36563,0.86051,0.00036393,0.00036393,0.00036393
516,0.73989,0.5072,0.9066,0.9655,0.93044,0.94763,0.77613,0.59583,0.3676,0.86226,0.00036269,0.00036269,0.00036269
517,0.76104,0.51914,0.90699,0.9689,0.92658,0.94842,0.77637,0.58815,0.36539,0.86024,0.00036145,0.00036145,0.00036145
518,0.74982,0.51535,0.90218,0.96218,0.92697,0.94633,0.77239,0.59476,0.36787,0.86136,0.00036021,0.00036021,0.00036021
519,0.75258,0.51684,0.90819,0.95325,0.9347,0.94601,0.77086,0.60135,0.36935,0.86361,0.00035898,0.00035898,0.00035898
520,0.73685,0.50519,0.89854,0.95496,0.93307,0.94786,0.77443,0.5944,0.36716,0.86175,0.00035774,0.00035774,0.00035774
521,0.72488,0.5053,0.90086,0.95793,0.93474,0.94634,0.77479,0.58892,0.36486,0.85954,0.0003565,0.0003565,0.0003565
522,0.73736,0.50516,0.90383,0.96904,0.91593,0.94212,0.77245,0.59204,0.3641,0.86097,0.00035526,0.00035526,0.00035526
523,0.72874,0.50685,0.90174,0.97679,0.9183,0.94826,0.77606,0.58793,0.36241,0.85963,0.00035403,0.00035403,0.00035403
524,0.7465,0.51743,0.9123,0.95429,0.93403,0.95032,0.7812,0.5843,0.3629,0.85797,0.00035279,0.00035279,0.00035279
525,0.73193,0.50335,0.90778,0.98042,0.92113,0.94681,0.77971,0.58718,0.36345,0.85937,0.00035155,0.00035155,0.00035155
526,0.74002,0.5084,0.89915,0.97748,0.91587,0.94482,0.77554,0.59314,0.36545,0.86195,0.00035031,0.00035031,0.00035031
527,0.74932,0.51316,0.90381,0.96519,0.93072,0.94452,0.77277,0.58914,0.36346,0.86093,0.00034908,0.00034908,0.00034908
528,0.7428,0.51603,0.90495,0.97071,0.92766,0.9468,0.77429,0.59451,0.36458,0.86312,0.00034784,0.00034784,0.00034784
529,0.7315,0.50286,0.89544,0.97886,0.91845,0.95108,0.78076,0.58746,0.36278,0.86074,0.0003466,0.0003466,0.0003466
530,0.7432,0.51358,0.90638,0.98686,0.91018,0.95133,0.78195,0.58824,0.36276,0.86097,0.00034536,0.00034536,0.00034536
531,0.75422,0.52352,0.90079,0.97222,0.93377,0.95446,0.78017,0.59102,0.36259,0.86091,0.00034413,0.00034413,0.00034413
532,0.74794,0.51599,0.90678,0.95369,0.9419,0.95194,0.77751,0.59122,0.36337,0.86116,0.00034289,0.00034289,0.00034289
533,0.72832,0.50608,0.89918,0.96471,0.93356,0.94595,0.77671,0.58598,0.36102,0.85981,0.00034165,0.00034165,0.00034165
534,0.74282,0.50435,0.89825,0.96831,0.93609,0.94341,0.77901,0.58645,0.36124,0.85971,0.00034041,0.00034041,0.00034041
535,0.74109,0.50869,0.90375,0.96296,0.93762,0.94583,0.78013,0.5826,0.36064,0.85899,0.00033917,0.00033917,0.00033917
536,0.74354,0.50892,0.90027,0.96651,0.92832,0.94531,0.7805,0.58076,0.36128,0.85818,0.00033794,0.00033794,0.00033794
537,0.73698,0.50734,0.89864,0.97418,0.93268,0.94787,0.78182,0.58241,0.35998,0.85838,0.0003367,0.0003367,0.0003367
538,0.75322,0.5186,0.90546,0.96266,0.93795,0.94731,0.77887,0.58265,0.35986,0.85934,0.00033546,0.00033546,0.00033546
539,0.73974,0.50095,0.8986,0.97886,0.93136,0.94713,0.7779,0.59044,0.36141,0.86169,0.00033423,0.00033423,0.00033423
540,0.73848,0.5042,0.90335,0.96389,0.93743,0.94875,0.77784,0.58932,0.36216,0.86121,0.00033299,0.00033299,0.00033299
541,0.7197,0.49555,0.89448,0.96093,0.93061,0.94728,0.7774,0.58635,0.36074,0.86024,0.00033175,0.00033175,0.00033175
542,0.73229,0.50413,0.89824,0.97259,0.92093,0.94723,0.77639,0.59056,0.36328,0.8615,0.00033051,0.00033051,0.00033051
543,0.71959,0.50149,0.89353,0.94684,0.93584,0.94723,0.7797,0.57944,0.36089,0.85822,0.00032928,0.00032928,0.00032928
544,0.7357,0.5081,0.90225,0.95012,0.93415,0.94753,0.78023,0.57665,0.36051,0.85734,0.00032804,0.00032804,0.00032804
545,0.73152,0.5018,0.89633,0.95421,0.93852,0.947,0.77742,0.58376,0.36227,0.8587,0.0003268,0.0003268,0.0003268
546,0.72576,0.50215,0.89717,0.96748,0.9224,0.94759,0.778,0.58106,0.36099,0.85816,0.00032556,0.00032556,0.00032556
547,0.73067,0.50589,0.9016,0.97977,0.9195,0.9489,0.78143,0.57886,0.35952,0.85844,0.00032433,0.00032433,0.00032433
548,0.71595,0.49551,0.90409,0.98011,0.92613,0.95289,0.78097,0.58053,0.35976,0.85858,0.00032309,0.00032309,0.00032309
549,0.71761,0.49357,0.90038,0.98487,0.91829,0.94913,0.77745,0.58357,0.36083,0.8593,0.00032185,0.00032185,0.00032185
550,0.744,0.50709,0.90691,0.98576,0.92106,0.94796,0.77735,0.58081,0.36012,0.85811,0.00032061,0.00032061,0.00032061
551,0.73781,0.50603,0.9039,0.98546,0.92229,0.94886,0.77993,0.58008,0.3592,0.85792,0.00031938,0.00031938,0.00031938
552,0.73555,0.50722,0.89668,0.96168,0.92597,0.95062,0.78139,0.5809,0.35906,0.85822,0.00031814,0.00031814,0.00031814
553,0.74065,0.51951,0.90788,0.96508,0.93345,0.95514,0.78306,0.58019,0.35946,0.85788,0.0003169,0.0003169,0.0003169
554,0.71839,0.4902,0.8975,0.96949,0.93591,0.95169,0.78482,0.57881,0.35637,0.85745,0.00031566,0.00031566,0.00031566
555,0.71031,0.49011,0.89583,0.95896,0.94552,0.95467,0.78315,0.57566,0.35536,0.85637,0.00031443,0.00031443,0.00031443
556,0.73423,0.49547,0.89721,0.97321,0.94078,0.95305,0.78271,0.58205,0.3579,0.85815,0.00031319,0.00031319,0.00031319
557,0.70672,0.48429,0.89378,0.97395,0.93648,0.95102,0.78261,0.57996,0.35802,0.85751,0.00031195,0.00031195,0.00031195
558,0.70942,0.48846,0.89559,0.97581,0.92831,0.95028,0.78288,0.5788,0.35777,0.85725,0.00031071,0.00031071,0.00031071
559,0.7196,0.48586,0.89354,0.95777,0.93485,0.95021,0.78819,0.5718,0.35471,0.85564,0.00030948,0.00030948,0.00030948
560,0.72431,0.50194,0.90063,0.96007,0.92937,0.95075,0.78898,0.56534,0.35262,0.85443,0.00030824,0.00030824,0.00030824
561,0.72271,0.49892,0.90003,0.96791,0.93378,0.95379,0.79119,0.56419,0.35094,0.85408,0.000307,0.000307,0.000307
562,0.73418,0.50296,0.89875,0.96137,0.94571,0.95346,0.79054,0.56662,0.35162,0.85461,0.00030576,0.00030576,0.00030576
563,0.72591,0.4957,0.89534,0.95586,0.94095,0.95204,0.78506,0.57203,0.35495,0.85635,0.00030452,0.00030452,0.00030452
564,0.72553,0.50159,0.89604,0.97015,0.9263,0.95288,0.78576,0.57016,0.35418,0.85576,0.00030329,0.00030329,0.00030329
565,0.73011,0.49189,0.89413,0.95706,0.93223,0.95388,0.78845,0.56462,0.3529,0.85374,0.00030205,0.00030205,0.00030205
566,0.71173,0.48533,0.88457,0.97469,0.92693,0.95376,0.78974,0.56813,0.35283,0.85406,0.00030081,0.00030081,0.00030081
567,0.71228,0.48195,0.89513,0.9777,0.92665,0.95406,0.79113,0.56735,0.35128,0.85414,0.00029958,0.00029958,0.00029958
568,0.72463,0.49568,0.89687,0.9797,0.92471,0.95333,0.79033,0.55934,0.34909,0.85204,0.00029834,0.00029834,0.00029834
569,0.72356,0.49972,0.89883,0.97964,0.92608,0.95375,0.78897,0.56661,0.35132,0.8536,0.0002971,0.0002971,0.0002971
570,0.69543,0.47464,0.88815,0.9737,0.92613,0.95422,0.78904,0.5669,0.35259,0.85364,0.00029586,0.00029586,0.00029586
571,0.71923,0.50261,0.89823,0.97794,0.92628,0.95378,0.78875,0.57292,0.35421,0.85546,0.00029462,0.00029462,0.00029462
572,0.70267,0.48368,0.89015,0.97838,0.92862,0.95533,0.7884,0.56802,0.35246,0.85429,0.00029339,0.00029339,0.00029339
,,,,,,,,,,,,,
,,,,,,,,,,,,,
,,,,,,,,,,,,,
,,,,,,,,,,,,,
,,,,,,,,,,,,,
,,,,,,,,,,,,,
,,,,,,,,,,,,,
,,,,,,,,,,,,,
                  epoch,         train/box_loss,         train/cls_loss,         train/dfl_loss,   metrics/precision(B),      metrics/recall(B),       metrics/mAP50(B),    metrics/mAP50-95(B),           val/box_loss,           val/cls_loss,           val/dfl_loss,                 lr/pg0,                 lr/pg1,                 lr/pg2
572,0.70267,0.48368,0.89015,0.97838,0.92862,0.95533,0.7884,0.56802,0.35246,0.85429,0.00029339,0.00029339,0.00029339
